{
    "name": "root",
    "gauges": {
        "MoveToGoal.Policy.Entropy.mean": {
            "value": 1.420703649520874,
            "min": 1.420703649520874,
            "max": 1.4291322231292725,
            "count": 6
        },
        "MoveToGoal.Environment.EpisodeLength.mean": {
            "value": 25.095634095634097,
            "min": 24.54051282051282,
            "max": 36.023065476190474,
            "count": 6
        },
        "MoveToGoal.Policy.ExtrinsicValueEstimate.mean": {
            "value": 0.8175961971282959,
            "min": 0.5255701541900635,
            "max": 3.626516342163086,
            "count": 6
        },
        "MoveToGoal.Environment.CumulativeReward.mean": {
            "value": 0.9864794591783671,
            "min": 0.44535315985130114,
            "max": 0.9864794591783671,
            "count": 6
        },
        "MoveToGoal.Policy.ExtrinsicReward.mean": {
            "value": 0.9864794591783671,
            "min": 0.44535315985130114,
            "max": 0.9864794591783671,
            "count": 6
        },
        "MoveToGoal.Losses.PolicyLoss.mean": {
            "value": 0.0232995539996773,
            "min": 0.0225141663554435,
            "max": 0.026221857237396763,
            "count": 6
        },
        "MoveToGoal.Losses.ValueLoss.mean": {
            "value": 0.008608897005518278,
            "min": 0.008608897005518278,
            "max": 9.031669067839779,
            "count": 6
        },
        "MoveToGoal.Policy.LearningRate.mean": {
            "value": 0.00013354349548552004,
            "min": 0.00013354349548552004,
            "max": 0.00028457775514075,
            "count": 6
        },
        "MoveToGoal.Policy.Epsilon.mean": {
            "value": 0.14451448,
            "min": 0.14451448,
            "max": 0.19485925000000004,
            "count": 6
        },
        "MoveToGoal.Policy.Beta.mean": {
            "value": 0.0022312725520000007,
            "min": 0.0022312725520000007,
            "max": 0.004743476575,
            "count": 6
        },
        "MoveToGoal.IsTraining.mean": {
            "value": 1.0,
            "min": 1.0,
            "max": 1.0,
            "count": 6
        }
    },
    "metadata": {
        "timer_format_version": "0.1.0",
        "start_time_seconds": "1614094644",
        "python_version": "3.7.9 (tags/v3.7.9:13c94747c7, Aug 17 2020, 18:58:18) [MSC v.1900 64 bit (AMD64)]",
        "command_line_arguments": "D:\\Workspace\\Projects\\MLAgent\\venv\\Scripts\\mlagents-learn --run-id=MoveToGoal --force",
        "mlagents_version": "0.23.0",
        "mlagents_envs_version": "0.23.0",
        "communication_protocol_version": "1.3.0",
        "pytorch_version": "1.7.0+cu110",
        "numpy_version": "1.18.5",
        "end_time_seconds": "1614094743"
    },
    "total": 98.6241023,
    "count": 1,
    "self": 0.0018110000000035598,
    "children": {
        "run_training.setup": {
            "total": 0.004587499999999967,
            "count": 1,
            "self": 0.004587499999999967
        },
        "TrainerController.start_learning": {
            "total": 98.6177038,
            "count": 1,
            "self": 0.7811077999997025,
            "children": {
                "TrainerController._reset_env": {
                    "total": 5.6447174,
                    "count": 1,
                    "self": 5.6447174
                },
                "TrainerController.advance": {
                    "total": 92.1423799000003,
                    "count": 13824,
                    "self": 0.09766800000028297,
                    "children": {
                        "env_step": {
                            "total": 92.04471190000001,
                            "count": 13824,
                            "self": 78.40780969999975,
                            "children": {
                                "SubprocessEnvManager._take_step": {
                                    "total": 13.53980730000004,
                                    "count": 13824,
                                    "self": 0.3748781000003465,
                                    "children": {
                                        "TorchPolicy.evaluate": {
                                            "total": 13.164929199999694,
                                            "count": 6657,
                                            "self": 4.629969099999791,
                                            "children": {
                                                "TorchPolicy.sample_actions": {
                                                    "total": 8.534960099999903,
                                                    "count": 6657,
                                                    "self": 8.534960099999903
                                                }
                                            }
                                        }
                                    }
                                },
                                "workers": {
                                    "total": 0.09709490000021859,
                                    "count": 13823,
                                    "self": 0.0,
                                    "children": {
                                        "worker_root": {
                                            "total": 93.04816979999974,
                                            "count": 13823,
                                            "is_parallel": true,
                                            "self": 43.27928459999997,
                                            "children": {
                                                "steps_from_proto": {
                                                    "total": 0.0004691000000001111,
                                                    "count": 1,
                                                    "is_parallel": true,
                                                    "self": 9.900000000051534e-05,
                                                    "children": {
                                                        "_process_vector_observation": {
                                                            "total": 0.00037009999999959575,
                                                            "count": 2,
                                                            "is_parallel": true,
                                                            "self": 0.00037009999999959575
                                                        }
                                                    }
                                                },
                                                "UnityEnvironment.step": {
                                                    "total": 49.76841609999977,
                                                    "count": 13823,
                                                    "is_parallel": true,
                                                    "self": 1.200738299999756,
                                                    "children": {
                                                        "UnityEnvironment._generate_step_input": {
                                                            "total": 2.8981379000005036,
                                                            "count": 13823,
                                                            "is_parallel": true,
                                                            "self": 2.8981379000005036
                                                        },
                                                        "communicator.exchange": {
                                                            "total": 42.81266079999994,
                                                            "count": 13823,
                                                            "is_parallel": true,