{
    "name": "root",
    "gauges": {
        "MoveToGoal.Policy.Entropy.mean": {
            "value": 1.3994951248168945,
            "min": 1.3994951248168945,
            "max": 1.4149149656295776,
            "count": 10
        },
        "MoveToGoal.Environment.EpisodeLength.mean": {
            "value": 190.85214007782102,
            "min": 19.048458149779737,
            "max": 191.6949806949807,
            "count": 10
        },
        "MoveToGoal.Policy.ExtrinsicValueEstimate.mean": {
            "value": -0.06811444461345673,
            "min": -5.506434917449951,
            "max": -0.06811444461345673,
            "count": 10
        },
        "MoveToGoal.Environment.CumulativeReward.mean": {
            "value": -0.09727626459143969,
            "min": -0.9987966305655837,
            "max": -0.07335907335907337,
            "count": 10
        },
        "MoveToGoal.Policy.ExtrinsicReward.mean": {
            "value": -0.09727626459143969,
            "min": -0.9987966305655837,
            "max": -0.07335907335907337,
            "count": 10
        },
        "MoveToGoal.Losses.PolicyLoss.mean": {
            "value": 0.02237261036100487,
            "min": 0.02237261036100487,
            "max": 0.026992398121704658,
            "count": 10
        },
        "MoveToGoal.Losses.ValueLoss.mean": {
            "value": 0.005236094694506997,
            "min": 0.0023051717493217444,
            "max": 29.22156455740333,
            "count": 10
        },
        "MoveToGoal.Policy.LearningRate.mean": {
            "value": 1.580013473332e-05,
            "min": 1.580013473332e-05,
            "max": 0.00028459605513464996,
            "count": 10
        },
        "MoveToGoal.Policy.Epsilon.mean": {
            "value": 0.10526668000000002,
            "min": 0.10526668000000002,
            "max": 0.19486535000000005,
            "count": 10
        },
        "MoveToGoal.Policy.Beta.mean": {
            "value": 0.0002728073320000002,
            "min": 0.0002728073320000002,
            "max": 0.004743780964999999,
            "count": 10
        },
        "MoveToGoal.IsTraining.mean": {
            "value": 1.0,
            "min": 1.0,
            "max": 1.0,
            "count": 10
        }
    },
    "metadata": {
        "timer_format_version": "0.1.0",
        "start_time_seconds": "1614094783",
        "python_version": "3.7.9 (tags/v3.7.9:13c94747c7, Aug 17 2020, 18:58:18) [MSC v.1900 64 bit (AMD64)]",
        "command_line_arguments": "D:\\Workspace\\Projects\\MLAgent\\venv\\Scripts\\mlagents-learn --run-id=Test2",
        "mlagents_version": "0.23.0",
        "mlagents_envs_version": "0.23.0",
        "communication_protocol_version": "1.3.0",
        "pytorch_version": "1.7.0+cu110",
        "numpy_version": "1.18.5",
        "end_time_seconds": "1614094940"
    },
    "total": 156.9323366,
    "count": 1,
    "self": 0.0027819000000022243,
    "children": {
        "run_training.setup": {
            "total": 0.005393800000000004,
            "count": 1,
            "self": 0.005393800000000004
        },
        "TrainerController.start_learning": {
            "total": 156.9241609,
            "count": 1,
            "self": 0.24694280000193203,
            "children": {
                "TrainerController._reset_env": {
                    "total": 10.518902200000001,
                    "count": 1,
                    "self": 10.518902200000001
                },
                "TrainerController.advance": {
                    "total": 146.12235539999804,
                    "count": 17701,
                    "self": 0.12805139999875337,
                    "children": {
                        "env_step": {
                            "total": 145.9943039999993,
                            "count": 17701,
                            "self": 124.33173960000013,
                            "children": {
                                "SubprocessEnvManager._take_step": {
                                    "total": 21.53163719999972,
                                    "count": 17701,
                                    "self": 0.5622242999988813,
                                    "children": {
                                        "TorchPolicy.evaluate": {
                                            "total": 20.96941290000084,
                                            "count": 10452,
                                            "self": 8.312049700001344,
                                            "children": {
                                                "TorchPolicy.sample_actions": {
                                                    "total": 12.657363199999496,
                                                    "count": 10452,
                                                    "self": 12.657363199999496
                                                }
                                            }
                                        }
                                    }
                                },
                                "workers": {
                                    "total": 0.13092719999943014,
                                    "count": 17701,
                                    "self": 0.0,
                                    "children": {
                                        "worker_root": {
                                            "total": 146.98557209999956,
                                            "count": 17701,
                                            "is_parallel": true,
                                            "self": 64.53113289999963,
                                            "children": {
                                                "steps_from_proto": {
                                                    "total": 0.0005294000000013455,
                                                    "count": 1,
                                                    "is_parallel": true,
                                                    "self": 0.00010930000000186624,
                                                    "children": {
                                                        "_process_vector_observation": {
                                                            "total": 0.0004200999999994792,
                                                            "count": 2,
                                                            "is_parallel": true,
                                                            "self": 0.0004200999999994792
                                                        }
                                                    }
                                                },
                                                "UnityEnvironment.step": {
                                                    "total": 82.45390979999992,
                                                    "count": 17701,
                                                    "is_parallel": true,
                                                    "self": 1.6743637999997105,
                                                    "children": {
                                                        "UnityEnvironment._generate_step_input": {
                                                            "total": 4.505475499999974,
                                                            "count": 17701,
                                                            "is_parallel": true,
                                                            "self": 4.505475499999974
                                                        },
                                                        "communicator.exchange": {
                                                            "total": 72.14393580000072,
                                                            "count": 17701,
                                                            "is_parallel": true,