{
    "name": "root",
    "metadata": {
        "timer_format_version": "0.1.0",
        "start_time_seconds": "1614094749",
        "python_version": "3.7.9 (tags/v3.7.9:13c94747c7, Aug 17 2020, 18:58:18) [MSC v.1900 64 bit (AMD64)]",
        "command_line_arguments": "D:\\Workspace\\Projects\\MLAgent\\venv\\Scripts\\mlagents-learn --run-id=Test1",
        "mlagents_version": "0.23.0",
        "mlagents_envs_version": "0.23.0",
        "communication_protocol_version": "1.3.0",
        "pytorch_version": "1.7.0+cu110",
        "numpy_version": "1.18.5",
        "end_time_seconds": "1614094756"
    },
    "total": 6.877458,
    "count": 1,
    "self": 0.0024422999999993422,
    "children": {
        "run_training.setup": {
            "total": 0.004607500000000098,
            "count": 1,
            "self": 0.004607500000000098
        },
        "TrainerController.start_learning": {
            "total": 6.8704082,
            "count": 1,
            "self": 0.0045123999999923115,
            "children": {
                "TrainerController._reset_env": {
                    "total": 4.8615413,
                    "count": 1,
                    "self": 4.8615413
                },
                "TrainerController.advance": {
                    "total": 1.9528478000000078,
                    "count": 173,
                    "self": 0.0012124000000017787,
                    "children": {
                        "env_step": {
                            "total": 1.951635400000006,
                            "count": 173,
                            "self": 1.3321801000000182,
                            "children": {
                                "SubprocessEnvManager._take_step": {
                                    "total": 0.6183424999999954,
                                    "count": 173,
                                    "self": 0.0044935999999999865,
                                    "children": {
                                        "TorchPolicy.evaluate": {
                                            "total": 0.6138488999999954,
                                            "count": 77,
                                            "self": 0.04234329999999176,
                                            "children": {
                                                "TorchPolicy.sample_actions": {
                                                    "total": 0.5715056000000036,
                                                    "count": 77,
                                                    "self": 0.5715056000000036
                                                }
                                            }
                                        }
                                    }
                                },
                                "workers": {
                                    "total": 0.0011127999999924754,
                                    "count": 172,
                                    "self": 0.0,
                                    "children": {
                                        "worker_root": {
                                            "total": 2.8101734999999963,
                                            "count": 172,
                                            "is_parallel": true,
                                            "self": 1.6312528999999896,
                                            "children": {
                                                "steps_from_proto": {
                                                    "total": 0.000520800000000321,
                                                    "count": 1,
                                                    "is_parallel": true,
                                                    "self": 0.0001112000000005331,
                                                    "children": {
                                                        "_process_vector_observation": {
                                                            "total": 0.0004095999999997879,
                                                            "count": 2,
                                                            "is_parallel": true,
                                                            "self": 0.0004095999999997879
                                                        }
                                                    }
                                                },
                                                "UnityEnvironment.step": {
                                                    "total": 1.1783998000000064,
                                                    "count": 172,
                                                    "is_parallel": true,
                                                    "self": 0.01467220000001035,
                                                    "children": {
                                                        "UnityEnvironment._generate_step_input": {
                                                            "total": 0.03405099999999894,
                                                            "count": 172,
                                                            "is_parallel": true,
                                                            "self": 0.03405099999999894
                                                        },
                                                        "communicator.exchange": {
                                                            "total": 1.0959445999999975,
                                                            "count": 172,
                                                            "is_parallel": true,
                                                            "self": 1.0959445999999975
                                                        },
                                                        "steps_from_proto": {
                                                            "total": 0.03373199999999965,
                                                            "count": 172,
                                                            "is_parallel": true,
                                                            "self": 0.009785800000006617,
                                                            "children": {
                                                                "_process_vector_observation": {
                                                                    "total": 0.023946199999993034,
                                                                    "count": 344,
                                                                    "is_parallel": true,
                                                                    "self": 0.023946199999993034
                                                                }
                                                            }
                                                        }
                                                    }
                                                }
                                            }
                                        }
                                    }
                                }
                            }
                        }
                    }
                },
                "trainer_threads": {
                    "total": 1.4199999999853219e-05,
                    "count": 1,
                    "self": 1.4199999999853219e-05,
                    "children": {
                        "thread_root": {
                            "total": 0.0,
                            "count": 0,
                            "is_parallel": true,
                            "self": 0.0,
                            "children": {
                                "trainer_advance": {
                                    "total": 1.9549448999999974,
                                    "count": 182,