{
    "name": "root",
    "metadata": {
        "timer_format_version": "0.1.0",
        "start_time_seconds": "1614095280",
        "python_version": "3.7.9 (tags/v3.7.9:13c94747c7, Aug 17 2020, 18:58:18) [MSC v.1900 64 bit (AMD64)]",
        "command_line_arguments": "D:\\Workspace\\Projects\\MLAgent\\venv\\Scripts\\mlagents-learn --run-id=Test5 --resume",
        "mlagents_version": "0.23.0",
        "mlagents_envs_version": "0.23.0",
        "communication_protocol_version": "1.3.0",
        "pytorch_version": "1.7.0+cu110",
        "numpy_version": "1.18.5",
        "end_time_seconds": "1614095285"
    },
    "total": 4.996888,
    "count": 1,
    "self": 0.0034114000000000644,
    "children": {
        "run_training.setup": {
            "total": 0.00941969999999992,
            "count": 1,
            "self": 0.00941969999999992
        },
        "TrainerController.start_learning": {
            "total": 4.984056900000001,
            "count": 1,
            "self": 0.01610099999999992,
            "children": {
                "TrainerController._reset_env": {
                    "total": 4.3997716,
                    "count": 1,
                    "self": 4.3997716
                },
                "trainer_threads": {
                    "total": 1.1200000000322063e-05,
                    "count": 1,
                    "self": 1.1200000000322063e-05,
                    "children": {
                        "thread_root": {
                            "total": 0.0,
                            "count": 0,
                            "is_parallel": true,
                            "self": 0.0,
                            "children": {
                                "trainer_advance": {
                                    "total": 0.016039800000000604,
                                    "count": 1,
                                    "is_parallel": true,
                                    "self": 1.9000000000879425e-05,
                                    "children": {
                                        "process_trajectory": {
                                            "total": 0.016020799999999724,
                                            "count": 1,
                                            "is_parallel": true,
                                            "self": 0.016020799999999724
                                        }
                                    }
                                }
                            }
                        }
                    }
                },
                "TrainerController._save_models": {
                    "total": 0.5681731000000001,
                    "count": 1,
                    "self": 0.0056178999999998425,
                    "children": {
                        "RLTrainer._checkpoint": {
                            "total": 0.5625552000000003,
                            "count": 1,
                            "self": 0.5625552000000003
                        }
                    }
                }
            }
        }
    }
}