{
    "name": "root",
    "gauges": {
        "MoveToGoal.Policy.Entropy.mean": {
            "value": 1.4023971557617188,
            "min": 1.4023971557617188,
            "max": 1.4151623249053955,
            "count": 3
        },
        "MoveToGoal.Environment.EpisodeLength.mean": {
            "value": 23.739624505928855,
            "min": 23.739624505928855,
            "max": 25.309398099260825,
            "count": 3
        },
        "MoveToGoal.Policy.ExtrinsicValueEstimate.mean": {
            "value": 0.4868224561214447,
            "min": -10.537280082702637,
            "max": 0.4868224561214447,
            "count": 3
        },
        "MoveToGoal.Environment.CumulativeReward.mean": {
            "value": 0.8297872340425532,
            "min": 0.4915433403805497,
            "max": 0.8297872340425532,
            "count": 3
        },
        "MoveToGoal.Policy.ExtrinsicReward.mean": {
            "value": 0.8297872340425532,
            "min": 0.4915433403805497,
            "max": 0.8297872340425532,
            "count": 3
        },
        "MoveToGoal.Losses.PolicyLoss.mean": {
            "value": 0.02165928123053163,
            "min": 0.02165928123053163,
            "max": 0.022995072783669458,
            "count": 3
        },
        "MoveToGoal.Losses.ValueLoss.mean": {
            "value": 0.10603211638828118,
            "min": 0.10603211638828118,
            "max": 90.17132415771485,
            "count": 3
        },
        "MoveToGoal.Policy.LearningRate.mean": {
            "value": 0.00022604762465080002,
            "min": 0.00022604762465080002,
            "max": 0.00028457685514105,
            "count": 3
        },
        "MoveToGoal.Policy.Epsilon.mean": {
            "value": 0.17534920000000004,
            "min": 0.17534920000000004,
            "max": 0.19485895,
            "count": 3
        },
        "MoveToGoal.Policy.Beta.mean": {
            "value": 0.003769925080000001,
            "min": 0.003769925080000001,
            "max": 0.004743461605000001,
            "count": 3
        },
        "MoveToGoal.IsTraining.mean": {
            "value": 1.0,
            "min": 1.0,
            "max": 1.0,
            "count": 3
        }
    },
    "metadata": {
        "timer_format_version": "0.1.0",
        "start_time_seconds": "1614094989",
        "python_version": "3.7.9 (tags/v3.7.9:13c94747c7, Aug 17 2020, 18:58:18) [MSC v.1900 64 bit (AMD64)]",
        "command_line_arguments": "D:\\Workspace\\Projects\\MLAgent\\venv\\Scripts\\mlagents-learn --run-id=Test4",
        "mlagents_version": "0.23.0",
        "mlagents_envs_version": "0.23.0",
        "communication_protocol_version": "1.3.0",
        "pytorch_version": "1.7.0+cu110",
        "numpy_version": "1.18.5",
        "end_time_seconds": "1614095043"
    },
    "total": 54.5155368,
    "count": 1,
    "self": 0.0018193999999951416,
    "children": {
        "run_training.setup": {
            "total": 0.0048456000000000055,
            "count": 1,
            "self": 0.0048456000000000055
        },
        "TrainerController.start_learning": {
            "total": 54.5088718,
            "count": 1,
            "self": 0.12071999999981387,
            "children": {
                "TrainerController._reset_env": {
                    "total": 3.7625124999999997,
                    "count": 1,
                    "self": 3.7625124999999997
                },
                "TrainerController.advance": {
                    "total": 50.56410870000018,
                    "count": 7220,
                    "self": 0.05382110000063989,
                    "children": {
                        "env_step": {
                            "total": 50.51028759999954,
                            "count": 7220,
                            "self": 43.519458199999804,
                            "children": {
                                "SubprocessEnvManager._take_step": {
                                    "total": 6.937404099999769,
                                    "count": 7220,
                                    "self": 0.19060839999967172,
                                    "children": {
                                        "TorchPolicy.evaluate": {
                                            "total": 6.7467957000000975,
                                            "count": 3234,
                                            "self": 2.310172999999887,
                                            "children": {
                                                "TorchPolicy.sample_actions": {
                                                    "total": 4.4366227000002105,
                                                    "count": 3234,
                                                    "self": 4.4366227000002105
                                                }
                                            }
                                        }
                                    }
                                },
                                "workers": {
                                    "total": 0.053425299999966924,
                                    "count": 7219,
                                    "self": 0.0,
                                    "children": {
                                        "worker_root": {
                                            "total": 51.42996470000012,
                                            "count": 7219,
                                            "is_parallel": true,
                                            "self": 22.80393089999967,
                                            "children": {
                                                "steps_from_proto": {
                                                    "total": 0.0004920999999997733,
                                                    "count": 1,
                                                    "is_parallel": true,
                                                    "self": 0.00012959999999972993,
                                                    "children": {
                                                        "_process_vector_observation": {
                                                            "total": 0.00036250000000004334,
                                                            "count": 2,
                                                            "is_parallel": true,
                                                            "self": 0.00036250000000004334
                                                        }
                                                    }
                                                },
                                                "UnityEnvironment.step": {
                                                    "total": 28.62554170000045,
                                                    "count": 7219,
                                                    "is_parallel": true,
                                                    "self": 0.6225169000003987,
                                                    "children": {
                                                        "UnityEnvironment._generate_step_input": {
                                                            "total": 1.426268100000038,
                                                            "count": 7219,
                                                            "is_parallel": true,
                                                            "self": 1.426268100000038
                                                        },
                                                        "communicator.exchange": {
                                                            "total": 25.108825000000156,
                                                            "count": 7219,
                                                            "is_parallel": true,